<?xml version="1.0" encoding="UTF-8"?>
<!DOCTYPE mapper PUBLIC "-//mybatis.org//DTD Mapper 3.0//EN" "http://mybatis.org/dtd/mybatis-3-mapper.dtd">
<mapper namespace="com.fszn.integrationframework.dao.EnrollTypeMapper">
  <resultMap id="BaseResultMap" type="com.fszn.integrationframework.domain.EnrollType">
    <id column="bcode" jdbcType="CHAR" property="bcode" />
    <result column="btype" jdbcType="VARCHAR" property="btype" />
    <result column="btime" jdbcType="TIMESTAMP" property="btime" />
    <result column="etime" jdbcType="TIMESTAMP" property="etime" />
    <result column="btime1" jdbcType="TIMESTAMP" property="btime1" />
    <result column="etime1" jdbcType="TIMESTAMP" property="etime1" />
    <result column="luquway" jdbcType="VARCHAR" property="luquway" />
    <result column="note" jdbcType="VARCHAR" property="note" />
  </resultMap>
  <sql id="Example_Where_Clause">
    <where>
      <foreach collection="oredCriteria" item="criteria" separator="or">
        <if test="criteria.valid">
          <trim prefix="(" prefixOverrides="and" suffix=")">
            <foreach collection="criteria.criteria" item="criterion">
              <choose>
                <when test="criterion.noValue">
                  and ${criterion.condition}
                </when>
                <when test="criterion.singleValue">
                  and ${criterion.condition} #{criterion.value}
                </when>
                <when test="criterion.betweenValue">
                  and ${criterion.condition} #{criterion.value} and #{criterion.secondValue}
                </when>
                <when test="criterion.listValue">
                  and ${criterion.condition}
                  <foreach close=")" collection="criterion.value" item="listItem" open="(" separator=",">
                    #{listItem}
                  </foreach>
                </when>
              </choose>
            </foreach>
          </trim>
        </if>
      </foreach>
    </where>
  </sql>
  <sql id="Update_By_Example_Where_Clause">
    <where>
      <foreach collection="example.oredCriteria" item="criteria" separator="or">
        <if test="criteria.valid">
          <trim prefix="(" prefixOverrides="and" suffix=")">
            <foreach collection="criteria.criteria" item="criterion">
              <choose>
                <when test="criterion.noValue">
                  and ${criterion.condition}
                </when>
                <when test="criterion.singleValue">
                  and ${criterion.condition} #{criterion.value}
                </when>
                <when test="criterion.betweenValue">
                  and ${criterion.condition} #{criterion.value} and #{criterion.secondValue}
                </when>
                <when test="criterion.listValue">
                  and ${criterion.condition}
                  <foreach close=")" collection="criterion.value" item="listItem" open="(" separator=",">
                    #{listItem}
                  </foreach>
                </when>
              </choose>
            </foreach>
          </trim>
        </if>
      </foreach>
    </where>
  </sql>
  <sql id="Base_Column_List">
    bcode, btype, btime, etime, btime1, etime1, luquway, note
  </sql>
  <select id="selectByExample" parameterType="com.fszn.integrationframework.domain.EnrollTypeExample" resultMap="BaseResultMap">
    select
    <if test="distinct">
      distinct
    </if>
    <include refid="Base_Column_List" />
    from enroll_type
    <if test="_parameter != null">
      <include refid="Example_Where_Clause" />
    </if>
    <if test="orderByClause != null">
      order by ${orderByClause}
    </if>
  </select>
  <select id="selectByPrimaryKey" parameterType="java.lang.String" resultMap="BaseResultMap">
    select 
    <include refid="Base_Column_List" />
    from enroll_type
    where bcode = #{bcode,jdbcType=CHAR}
  </select>
  <delete id="deleteByPrimaryKey" parameterType="java.lang.String">
    delete from enroll_type
    where bcode = #{bcode,jdbcType=CHAR}
  </delete>
  <delete id="deleteByExample" parameterType="com.fszn.integrationframework.domain.EnrollTypeExample">
    delete from enroll_type
    <if test="_parameter != null">
      <include refid="Example_Where_Clause" />
    </if>
  </delete>
  <insert id="insert" parameterType="com.fszn.integrationframework.domain.EnrollType">
    insert into enroll_type (bcode, btype, btime, 
      etime, btime1, etime1, 
      luquway, note)
    values (#{bcode,jdbcType=CHAR}, #{btype,jdbcType=VARCHAR}, #{btime,jdbcType=TIMESTAMP}, 
      #{etime,jdbcType=TIMESTAMP}, #{btime1,jdbcType=TIMESTAMP}, #{etime1,jdbcType=TIMESTAMP}, 
      #{luquway,jdbcType=VARCHAR}, #{note,jdbcType=VARCHAR})
  </insert>
  <insert id="insertSelective" parameterType="com.fszn.integrationframework.domain.EnrollType">
    insert into enroll_type
    <trim prefix="(" suffix=")" suffixOverrides=",">
      <if test="bcode != null">
        bcode,
      </if>
      <if test="btype != null">
        btype,
      </if>
      <if test="btime != null">
        btime,
      </if>
      <if test="etime != null">
        etime,
      </if>
      <if test="btime1 != null">
        btime1,
      </if>
      <if test="etime1 != null">
        etime1,
      </if>
      <if test="luquway != null">
        luquway,
      </if>
      <if test="note != null">
        note,
      </if>
    </trim>
    <trim prefix="values (" suffix=")" suffixOverrides=",">
      <if test="bcode != null">
        #{bcode,jdbcType=CHAR},
      </if>
      <if test="btype != null">
        #{btype,jdbcType=VARCHAR},
      </if>
      <if test="btime != null">
        #{btime,jdbcType=TIMESTAMP},
      </if>
      <if test="etime != null">
        #{etime,jdbcType=TIMESTAMP},
      </if>
      <if test="btime1 != null">
        #{btime1,jdbcType=TIMESTAMP},
      </if>
      <if test="etime1 != null">
        #{etime1,jdbcType=TIMESTAMP},
      </if>
      <if test="luquway != null">
        #{luquway,jdbcType=VARCHAR},
      </if>
      <if test="note != null">
        #{note,jdbcType=VARCHAR},
      </if>
    </trim>
  </insert>
  <select id="countByExample" parameterType="com.fszn.integrationframework.domain.EnrollTypeExample" resultType="java.lang.Long">
    select count(*) from enroll_type
    <if test="_parameter != null">
      <include refid="Example_Where_Clause" />
    </if>
  </select>
  <update id="updateByExampleSelective" parameterType="map">
    update enroll_type
    <set>
      <if test="record.bcode != null">
        bcode = #{record.bcode,jdbcType=CHAR},
      </if>
      <if test="record.btype != null">
        btype = #{record.btype,jdbcType=VARCHAR},
      </if>
      <if test="record.btime != null">
        btime = #{record.btime,jdbcType=TIMESTAMP},
      </if>
      <if test="record.etime != null">
        etime = #{record.etime,jdbcType=TIMESTAMP},
      </if>
      <if test="record.btime1 != null">
        btime1 = #{record.btime1,jdbcType=TIMESTAMP},
      </if>
      <if test="record.etime1 != null">
        etime1 = #{record.etime1,jdbcType=TIMESTAMP},
      </if>
      <if test="record.luquway != null">
        luquway = #{record.luquway,jdbcType=VARCHAR},
      </if>
      <if test="record.note != null">
        note = #{record.note,jdbcType=VARCHAR},
      </if>
    </set>
    <if test="_parameter != null">
      <include refid="Update_By_Example_Where_Clause" />
    </if>
  </update>
  <update id="updateByExample" parameterType="map">
    update enroll_type
    set bcode = #{record.bcode,jdbcType=CHAR},
      btype = #{record.btype,jdbcType=VARCHAR},
      btime = #{record.btime,jdbcType=TIMESTAMP},
      etime = #{record.etime,jdbcType=TIMESTAMP},
      btime1 = #{record.btime1,jdbcType=TIMESTAMP},
      etime1 = #{record.etime1,jdbcType=TIMESTAMP},
      luquway = #{record.luquway,jdbcType=VARCHAR},
      note = #{record.note,jdbcType=VARCHAR}
    <if test="_parameter != null">
      <include refid="Update_By_Example_Where_Clause" />
    </if>
  </update>
  <update id="updateByPrimaryKeySelective" parameterType="com.fszn.integrationframework.domain.EnrollType">
    update enroll_type
    <set>
      <if test="btype != null">
        btype = #{btype,jdbcType=VARCHAR},
      </if>
      <if test="btime != null">
        btime = #{btime,jdbcType=TIMESTAMP},
      </if>
      <if test="etime != null">
        etime = #{etime,jdbcType=TIMESTAMP},
      </if>
      <if test="btime1 != null">
        btime1 = #{btime1,jdbcType=TIMESTAMP},
      </if>
      <if test="etime1 != null">
        etime1 = #{etime1,jdbcType=TIMESTAMP},
      </if>
      <if test="luquway != null">
        luquway = #{luquway,jdbcType=VARCHAR},
      </if>
      <if test="note != null">
        note = #{note,jdbcType=VARCHAR},
      </if>
    </set>
    where bcode = #{bcode,jdbcType=CHAR}
  </update>
  <update id="updateByPrimaryKey" parameterType="com.fszn.integrationframework.domain.EnrollType">
    update enroll_type
    set btype = #{btype,jdbcType=VARCHAR},
      btime = #{btime,jdbcType=TIMESTAMP},
      etime = #{etime,jdbcType=TIMESTAMP},
      btime1 = #{btime1,jdbcType=TIMESTAMP},
      etime1 = #{etime1,jdbcType=TIMESTAMP},
      luquway = #{luquway,jdbcType=VARCHAR},
      note = #{note,jdbcType=VARCHAR}
    where bcode = #{bcode,jdbcType=CHAR}
  </update>
</mapper>