<?xml version="1.0" encoding="UTF-8"?>
<!DOCTYPE mapper PUBLIC "-//mybatis.org//DTD Mapper 3.0//EN" "http://mybatis.org/dtd/mybatis-3-mapper.dtd">
<mapper namespace="com.fszn.integrationframework.dao.FamilyMapper">
  <resultMap id="BaseResultMap" type="com.fszn.integrationframework.domain.Family">
    <id column="fsn" jdbcType="BIGINT" property="fsn" />
    <result column="esn" jdbcType="BIGINT" property="esn" />
    <result column="realname" jdbcType="VARCHAR" property="realname" />
    <result column="id" jdbcType="CHAR" property="id" />
    <result column="swho" jdbcType="VARCHAR" property="swho" />
    <result column="isjhr" jdbcType="INTEGER" property="isjhr" />
    <result column="phone" jdbcType="VARCHAR" property="phone" />
  </resultMap>
  <sql id="Example_Where_Clause">
    <where>
      <foreach collection="oredCriteria" item="criteria" separator="or">
        <if test="criteria.valid">
          <trim prefix="(" prefixOverrides="and" suffix=")">
            <foreach collection="criteria.criteria" item="criterion">
              <choose>
                <when test="criterion.noValue">
                  and ${criterion.condition}
                </when>
                <when test="criterion.singleValue">
                  and ${criterion.condition} #{criterion.value}
                </when>
                <when test="criterion.betweenValue">
                  and ${criterion.condition} #{criterion.value} and #{criterion.secondValue}
                </when>
                <when test="criterion.listValue">
                  and ${criterion.condition}
                  <foreach close=")" collection="criterion.value" item="listItem" open="(" separator=",">
                    #{listItem}
                  </foreach>
                </when>
              </choose>
            </foreach>
          </trim>
        </if>
      </foreach>
    </where>
  </sql>
  <sql id="Update_By_Example_Where_Clause">
    <where>
      <foreach collection="example.oredCriteria" item="criteria" separator="or">
        <if test="criteria.valid">
          <trim prefix="(" prefixOverrides="and" suffix=")">
            <foreach collection="criteria.criteria" item="criterion">
              <choose>
                <when test="criterion.noValue">
                  and ${criterion.condition}
                </when>
                <when test="criterion.singleValue">
                  and ${criterion.condition} #{criterion.value}
                </when>
                <when test="criterion.betweenValue">
                  and ${criterion.condition} #{criterion.value} and #{criterion.secondValue}
                </when>
                <when test="criterion.listValue">
                  and ${criterion.condition}
                  <foreach close=")" collection="criterion.value" item="listItem" open="(" separator=",">
                    #{listItem}
                  </foreach>
                </when>
              </choose>
            </foreach>
          </trim>
        </if>
      </foreach>
    </where>
  </sql>
  <sql id="Base_Column_List">
    fsn, esn, realname, id, swho, isjhr, phone
  </sql>
  <select id="selectByExample" parameterType="com.fszn.integrationframework.domain.FamilyExample" resultMap="BaseResultMap">
    select
    <if test="distinct">
      distinct
    </if>
    <include refid="Base_Column_List" />
    from family
    <if test="_parameter != null">
      <include refid="Example_Where_Clause" />
    </if>
    <if test="orderByClause != null">
      order by ${orderByClause}
    </if>
  </select>
  <select id="selectByPrimaryKey" parameterType="java.lang.Long" resultMap="BaseResultMap">
    select 
    <include refid="Base_Column_List" />
    from family
    where fsn = #{fsn,jdbcType=BIGINT}
  </select>
  <delete id="deleteByPrimaryKey" parameterType="java.lang.Long">
    delete from family
    where fsn = #{fsn,jdbcType=BIGINT}
  </delete>
  <delete id="deleteByExample" parameterType="com.fszn.integrationframework.domain.FamilyExample">
    delete from family
    <if test="_parameter != null">
      <include refid="Example_Where_Clause" />
    </if>
  </delete>
  <insert id="insert" parameterType="com.fszn.integrationframework.domain.Family">
    insert into family (fsn, esn, realname, 
      id, swho, isjhr, phone
      )
    values (#{fsn,jdbcType=BIGINT}, #{esn,jdbcType=BIGINT}, #{realname,jdbcType=VARCHAR}, 
      #{id,jdbcType=CHAR}, #{swho,jdbcType=VARCHAR}, #{isjhr,jdbcType=INTEGER}, #{phone,jdbcType=VARCHAR}
      )
  </insert>
  <insert id="insertSelective" parameterType="com.fszn.integrationframework.domain.Family">
    insert into family
    <trim prefix="(" suffix=")" suffixOverrides=",">
      <if test="fsn != null">
        fsn,
      </if>
      <if test="esn != null">
        esn,
      </if>
      <if test="realname != null">
        realname,
      </if>
      <if test="id != null">
        id,
      </if>
      <if test="swho != null">
        swho,
      </if>
      <if test="isjhr != null">
        isjhr,
      </if>
      <if test="phone != null">
        phone,
      </if>
    </trim>
    <trim prefix="values (" suffix=")" suffixOverrides=",">
      <if test="fsn != null">
        #{fsn,jdbcType=BIGINT},
      </if>
      <if test="esn != null">
        #{esn,jdbcType=BIGINT},
      </if>
      <if test="realname != null">
        #{realname,jdbcType=VARCHAR},
      </if>
      <if test="id != null">
        #{id,jdbcType=CHAR},
      </if>
      <if test="swho != null">
        #{swho,jdbcType=VARCHAR},
      </if>
      <if test="isjhr != null">
        #{isjhr,jdbcType=INTEGER},
      </if>
      <if test="phone != null">
        #{phone,jdbcType=VARCHAR},
      </if>
    </trim>
  </insert>
  <select id="countByExample" parameterType="com.fszn.integrationframework.domain.FamilyExample" resultType="java.lang.Long">
    select count(*) from family
    <if test="_parameter != null">
      <include refid="Example_Where_Clause" />
    </if>
  </select>
  <update id="updateByExampleSelective" parameterType="map">
    update family
    <set>
      <if test="record.fsn != null">
        fsn = #{record.fsn,jdbcType=BIGINT},
      </if>
      <if test="record.esn != null">
        esn = #{record.esn,jdbcType=BIGINT},
      </if>
      <if test="record.realname != null">
        realname = #{record.realname,jdbcType=VARCHAR},
      </if>
      <if test="record.id != null">
        id = #{record.id,jdbcType=CHAR},
      </if>
      <if test="record.swho != null">
        swho = #{record.swho,jdbcType=VARCHAR},
      </if>
      <if test="record.isjhr != null">
        isjhr = #{record.isjhr,jdbcType=INTEGER},
      </if>
      <if test="record.phone != null">
        phone = #{record.phone,jdbcType=VARCHAR},
      </if>
    </set>
    <if test="_parameter != null">
      <include refid="Update_By_Example_Where_Clause" />
    </if>
  </update>
  <update id="updateByExample" parameterType="map">
    update family
    set fsn = #{record.fsn,jdbcType=BIGINT},
      esn = #{record.esn,jdbcType=BIGINT},
      realname = #{record.realname,jdbcType=VARCHAR},
      id = #{record.id,jdbcType=CHAR},
      swho = #{record.swho,jdbcType=VARCHAR},
      isjhr = #{record.isjhr,jdbcType=INTEGER},
      phone = #{record.phone,jdbcType=VARCHAR}
    <if test="_parameter != null">
      <include refid="Update_By_Example_Where_Clause" />
    </if>
  </update>
  <update id="updateByPrimaryKeySelective" parameterType="com.fszn.integrationframework.domain.Family">
    update family
    <set>
      <if test="esn != null">
        esn = #{esn,jdbcType=BIGINT},
      </if>
      <if test="realname != null">
        realname = #{realname,jdbcType=VARCHAR},
      </if>
      <if test="id != null">
        id = #{id,jdbcType=CHAR},
      </if>
      <if test="swho != null">
        swho = #{swho,jdbcType=VARCHAR},
      </if>
      <if test="isjhr != null">
        isjhr = #{isjhr,jdbcType=INTEGER},
      </if>
      <if test="phone != null">
        phone = #{phone,jdbcType=VARCHAR},
      </if>
    </set>
    where fsn = #{fsn,jdbcType=BIGINT}
  </update>
  <update id="updateByPrimaryKey" parameterType="com.fszn.integrationframework.domain.Family">
    update family
    set esn = #{esn,jdbcType=BIGINT},
      realname = #{realname,jdbcType=VARCHAR},
      id = #{id,jdbcType=CHAR},
      swho = #{swho,jdbcType=VARCHAR},
      isjhr = #{isjhr,jdbcType=INTEGER},
      phone = #{phone,jdbcType=VARCHAR}
    where fsn = #{fsn,jdbcType=BIGINT}
  </update>
</mapper>