<?xml version="1.0" encoding="UTF-8"?>
<!DOCTYPE mapper PUBLIC "-//mybatis.org//DTD Mapper 3.0//EN" "http://mybatis.org/dtd/mybatis-3-mapper.dtd">
<mapper namespace="com.fszn.integrationframework.dao.HouseholdMapper">
  <resultMap id="BaseResultMap" type="com.fszn.integrationframework.domain.Household">
    <id column="rsn" jdbcType="BIGINT" property="rsn" />
    <result column="esn" jdbcType="BIGINT" property="esn" />
    <result column="realname" jdbcType="VARCHAR" property="realname" />
    <result column="id" jdbcType="VARCHAR" property="id" />
    <result column="rdt" jdbcType="TIMESTAMP" property="rdt" />
    <result column="address" jdbcType="VARCHAR" property="address" />
  </resultMap>
  <sql id="Example_Where_Clause">
    <where>
      <foreach collection="oredCriteria" item="criteria" separator="or">
        <if test="criteria.valid">
          <trim prefix="(" prefixOverrides="and" suffix=")">
            <foreach collection="criteria.criteria" item="criterion">
              <choose>
                <when test="criterion.noValue">
                  and ${criterion.condition}
                </when>
                <when test="criterion.singleValue">
                  and ${criterion.condition} #{criterion.value}
                </when>
                <when test="criterion.betweenValue">
                  and ${criterion.condition} #{criterion.value} and #{criterion.secondValue}
                </when>
                <when test="criterion.listValue">
                  and ${criterion.condition}
                  <foreach close=")" collection="criterion.value" item="listItem" open="(" separator=",">
                    #{listItem}
                  </foreach>
                </when>
              </choose>
            </foreach>
          </trim>
        </if>
      </foreach>
    </where>
  </sql>
  <sql id="Update_By_Example_Where_Clause">
    <where>
      <foreach collection="example.oredCriteria" item="criteria" separator="or">
        <if test="criteria.valid">
          <trim prefix="(" prefixOverrides="and" suffix=")">
            <foreach collection="criteria.criteria" item="criterion">
              <choose>
                <when test="criterion.noValue">
                  and ${criterion.condition}
                </when>
                <when test="criterion.singleValue">
                  and ${criterion.condition} #{criterion.value}
                </when>
                <when test="criterion.betweenValue">
                  and ${criterion.condition} #{criterion.value} and #{criterion.secondValue}
                </when>
                <when test="criterion.listValue">
                  and ${criterion.condition}
                  <foreach close=")" collection="criterion.value" item="listItem" open="(" separator=",">
                    #{listItem}
                  </foreach>
                </when>
              </choose>
            </foreach>
          </trim>
        </if>
      </foreach>
    </where>
  </sql>
  <sql id="Base_Column_List">
    rsn, esn, realname, id, rdt, address
  </sql>
  <select id="selectByExample" parameterType="com.fszn.integrationframework.domain.HouseholdExample" resultMap="BaseResultMap">
    select
    <if test="distinct">
      distinct
    </if>
    <include refid="Base_Column_List" />
    from household
    <if test="_parameter != null">
      <include refid="Example_Where_Clause" />
    </if>
    <if test="orderByClause != null">
      order by ${orderByClause}
    </if>
  </select>
  <select id="selectByPrimaryKey" parameterType="java.lang.Long" resultMap="BaseResultMap">
    select 
    <include refid="Base_Column_List" />
    from household
    where rsn = #{rsn,jdbcType=BIGINT}
  </select>
  <delete id="deleteByPrimaryKey" parameterType="java.lang.Long">
    delete from household
    where rsn = #{rsn,jdbcType=BIGINT}
  </delete>
  <delete id="deleteByExample" parameterType="com.fszn.integrationframework.domain.HouseholdExample">
    delete from household
    <if test="_parameter != null">
      <include refid="Example_Where_Clause" />
    </if>
  </delete>
  <insert id="insert" parameterType="com.fszn.integrationframework.domain.Household">
    insert into household (rsn, esn, realname, 
      id, rdt, address)
    values (#{rsn,jdbcType=BIGINT}, #{esn,jdbcType=BIGINT}, #{realname,jdbcType=VARCHAR}, 
      #{id,jdbcType=VARCHAR}, #{rdt,jdbcType=TIMESTAMP}, #{address,jdbcType=VARCHAR})
  </insert>
  <insert id="insertSelective" parameterType="com.fszn.integrationframework.domain.Household">
    insert into household
    <trim prefix="(" suffix=")" suffixOverrides=",">
      <if test="rsn != null">
        rsn,
      </if>
      <if test="esn != null">
        esn,
      </if>
      <if test="realname != null">
        realname,
      </if>
      <if test="id != null">
        id,
      </if>
      <if test="rdt != null">
        rdt,
      </if>
      <if test="address != null">
        address,
      </if>
    </trim>
    <trim prefix="values (" suffix=")" suffixOverrides=",">
      <if test="rsn != null">
        #{rsn,jdbcType=BIGINT},
      </if>
      <if test="esn != null">
        #{esn,jdbcType=BIGINT},
      </if>
      <if test="realname != null">
        #{realname,jdbcType=VARCHAR},
      </if>
      <if test="id != null">
        #{id,jdbcType=VARCHAR},
      </if>
      <if test="rdt != null">
        #{rdt,jdbcType=TIMESTAMP},
      </if>
      <if test="address != null">
        #{address,jdbcType=VARCHAR},
      </if>
    </trim>
  </insert>
  <select id="countByExample" parameterType="com.fszn.integrationframework.domain.HouseholdExample" resultType="java.lang.Long">
    select count(*) from household
    <if test="_parameter != null">
      <include refid="Example_Where_Clause" />
    </if>
  </select>
  <update id="updateByExampleSelective" parameterType="map">
    update household
    <set>
      <if test="record.rsn != null">
        rsn = #{record.rsn,jdbcType=BIGINT},
      </if>
      <if test="record.esn != null">
        esn = #{record.esn,jdbcType=BIGINT},
      </if>
      <if test="record.realname != null">
        realname = #{record.realname,jdbcType=VARCHAR},
      </if>
      <if test="record.id != null">
        id = #{record.id,jdbcType=VARCHAR},
      </if>
      <if test="record.rdt != null">
        rdt = #{record.rdt,jdbcType=TIMESTAMP},
      </if>
      <if test="record.address != null">
        address = #{record.address,jdbcType=VARCHAR},
      </if>
    </set>
    <if test="_parameter != null">
      <include refid="Update_By_Example_Where_Clause" />
    </if>
  </update>
  <update id="updateByExample" parameterType="map">
    update household
    set rsn = #{record.rsn,jdbcType=BIGINT},
      esn = #{record.esn,jdbcType=BIGINT},
      realname = #{record.realname,jdbcType=VARCHAR},
      id = #{record.id,jdbcType=VARCHAR},
      rdt = #{record.rdt,jdbcType=TIMESTAMP},
      address = #{record.address,jdbcType=VARCHAR}
    <if test="_parameter != null">
      <include refid="Update_By_Example_Where_Clause" />
    </if>
  </update>
  <update id="updateByPrimaryKeySelective" parameterType="com.fszn.integrationframework.domain.Household">
    update household
    <set>
      <if test="esn != null">
        esn = #{esn,jdbcType=BIGINT},
      </if>
      <if test="realname != null">
        realname = #{realname,jdbcType=VARCHAR},
      </if>
      <if test="id != null">
        id = #{id,jdbcType=VARCHAR},
      </if>
      <if test="rdt != null">
        rdt = #{rdt,jdbcType=TIMESTAMP},
      </if>
      <if test="address != null">
        address = #{address,jdbcType=VARCHAR},
      </if>
    </set>
    where rsn = #{rsn,jdbcType=BIGINT}
  </update>
  <update id="updateByPrimaryKey" parameterType="com.fszn.integrationframework.domain.Household">
    update household
    set esn = #{esn,jdbcType=BIGINT},
      realname = #{realname,jdbcType=VARCHAR},
      id = #{id,jdbcType=VARCHAR},
      rdt = #{rdt,jdbcType=TIMESTAMP},
      address = #{address,jdbcType=VARCHAR}
    where rsn = #{rsn,jdbcType=BIGINT}
  </update>
</mapper>