<?xml version="1.0" encoding="UTF-8"?>
<!DOCTYPE mapper PUBLIC "-//mybatis.org//DTD Mapper 3.0//EN" "http://mybatis.org/dtd/mybatis-3-mapper.dtd">
<mapper namespace="com.fszn.integrationframework.dao.MaterialMapper">
  <resultMap id="BaseResultMap" type="com.fszn.integrationframework.domain.Material">
    <id column="msn" jdbcType="BIGINT" property="msn" />
    <result column="esn" jdbcType="BIGINT" property="esn" />
    <result column="GUID" jdbcType="VARCHAR" property="guid" />
    <result column="mtype" jdbcType="VARCHAR" property="mtype" />
    <result column="mname" jdbcType="VARCHAR" property="mname" />
    <result column="uptime" jdbcType="TIMESTAMP" property="uptime" />
    <result column="address" jdbcType="VARCHAR" property="address" />
    <result column="msize" jdbcType="INTEGER" property="msize" />
  </resultMap>
  <sql id="Example_Where_Clause">
    <where>
      <foreach collection="oredCriteria" item="criteria" separator="or">
        <if test="criteria.valid">
          <trim prefix="(" prefixOverrides="and" suffix=")">
            <foreach collection="criteria.criteria" item="criterion">
              <choose>
                <when test="criterion.noValue">
                  and ${criterion.condition}
                </when>
                <when test="criterion.singleValue">
                  and ${criterion.condition} #{criterion.value}
                </when>
                <when test="criterion.betweenValue">
                  and ${criterion.condition} #{criterion.value} and #{criterion.secondValue}
                </when>
                <when test="criterion.listValue">
                  and ${criterion.condition}
                  <foreach close=")" collection="criterion.value" item="listItem" open="(" separator=",">
                    #{listItem}
                  </foreach>
                </when>
              </choose>
            </foreach>
          </trim>
        </if>
      </foreach>
    </where>
  </sql>
  <sql id="Update_By_Example_Where_Clause">
    <where>
      <foreach collection="example.oredCriteria" item="criteria" separator="or">
        <if test="criteria.valid">
          <trim prefix="(" prefixOverrides="and" suffix=")">
            <foreach collection="criteria.criteria" item="criterion">
              <choose>
                <when test="criterion.noValue">
                  and ${criterion.condition}
                </when>
                <when test="criterion.singleValue">
                  and ${criterion.condition} #{criterion.value}
                </when>
                <when test="criterion.betweenValue">
                  and ${criterion.condition} #{criterion.value} and #{criterion.secondValue}
                </when>
                <when test="criterion.listValue">
                  and ${criterion.condition}
                  <foreach close=")" collection="criterion.value" item="listItem" open="(" separator=",">
                    #{listItem}
                  </foreach>
                </when>
              </choose>
            </foreach>
          </trim>
        </if>
      </foreach>
    </where>
  </sql>
  <sql id="Base_Column_List">
    msn, esn, GUID, mtype, mname, uptime, address, msize
  </sql>
  <select id="selectByExample" parameterType="com.fszn.integrationframework.domain.MaterialExample" resultMap="BaseResultMap">
    select
    <if test="distinct">
      distinct
    </if>
    <include refid="Base_Column_List" />
    from material
    <if test="_parameter != null">
      <include refid="Example_Where_Clause" />
    </if>
    <if test="orderByClause != null">
      order by ${orderByClause}
    </if>
  </select>
  <select id="selectByPrimaryKey" parameterType="java.lang.Long" resultMap="BaseResultMap">
    select 
    <include refid="Base_Column_List" />
    from material
    where msn = #{msn,jdbcType=BIGINT}
  </select>
  <delete id="deleteByPrimaryKey" parameterType="java.lang.Long">
    delete from material
    where msn = #{msn,jdbcType=BIGINT}
  </delete>
  <delete id="deleteByExample" parameterType="com.fszn.integrationframework.domain.MaterialExample">
    delete from material
    <if test="_parameter != null">
      <include refid="Example_Where_Clause" />
    </if>
  </delete>
  <insert id="insert" parameterType="com.fszn.integrationframework.domain.Material">
    insert into material (msn, esn, GUID, 
      mtype, mname, uptime, 
      address, msize)
    values (#{msn,jdbcType=BIGINT}, #{esn,jdbcType=BIGINT}, #{guid,jdbcType=VARCHAR}, 
      #{mtype,jdbcType=VARCHAR}, #{mname,jdbcType=VARCHAR}, #{uptime,jdbcType=TIMESTAMP}, 
      #{address,jdbcType=VARCHAR}, #{msize,jdbcType=INTEGER})
  </insert>
  <insert id="insertSelective" parameterType="com.fszn.integrationframework.domain.Material">
    insert into material
    <trim prefix="(" suffix=")" suffixOverrides=",">
      <if test="msn != null">
        msn,
      </if>
      <if test="esn != null">
        esn,
      </if>
      <if test="guid != null">
        GUID,
      </if>
      <if test="mtype != null">
        mtype,
      </if>
      <if test="mname != null">
        mname,
      </if>
      <if test="uptime != null">
        uptime,
      </if>
      <if test="address != null">
        address,
      </if>
      <if test="msize != null">
        msize,
      </if>
    </trim>
    <trim prefix="values (" suffix=")" suffixOverrides=",">
      <if test="msn != null">
        #{msn,jdbcType=BIGINT},
      </if>
      <if test="esn != null">
        #{esn,jdbcType=BIGINT},
      </if>
      <if test="guid != null">
        #{guid,jdbcType=VARCHAR},
      </if>
      <if test="mtype != null">
        #{mtype,jdbcType=VARCHAR},
      </if>
      <if test="mname != null">
        #{mname,jdbcType=VARCHAR},
      </if>
      <if test="uptime != null">
        #{uptime,jdbcType=TIMESTAMP},
      </if>
      <if test="address != null">
        #{address,jdbcType=VARCHAR},
      </if>
      <if test="msize != null">
        #{msize,jdbcType=INTEGER},
      </if>
    </trim>
  </insert>
  <select id="countByExample" parameterType="com.fszn.integrationframework.domain.MaterialExample" resultType="java.lang.Long">
    select count(*) from material
    <if test="_parameter != null">
      <include refid="Example_Where_Clause" />
    </if>
  </select>
  <update id="updateByExampleSelective" parameterType="map">
    update material
    <set>
      <if test="record.msn != null">
        msn = #{record.msn,jdbcType=BIGINT},
      </if>
      <if test="record.esn != null">
        esn = #{record.esn,jdbcType=BIGINT},
      </if>
      <if test="record.guid != null">
        GUID = #{record.guid,jdbcType=VARCHAR},
      </if>
      <if test="record.mtype != null">
        mtype = #{record.mtype,jdbcType=VARCHAR},
      </if>
      <if test="record.mname != null">
        mname = #{record.mname,jdbcType=VARCHAR},
      </if>
      <if test="record.uptime != null">
        uptime = #{record.uptime,jdbcType=TIMESTAMP},
      </if>
      <if test="record.address != null">
        address = #{record.address,jdbcType=VARCHAR},
      </if>
      <if test="record.msize != null">
        msize = #{record.msize,jdbcType=INTEGER},
      </if>
    </set>
    <if test="_parameter != null">
      <include refid="Update_By_Example_Where_Clause" />
    </if>
  </update>
  <update id="updateByExample" parameterType="map">
    update material
    set msn = #{record.msn,jdbcType=BIGINT},
      esn = #{record.esn,jdbcType=BIGINT},
      GUID = #{record.guid,jdbcType=VARCHAR},
      mtype = #{record.mtype,jdbcType=VARCHAR},
      mname = #{record.mname,jdbcType=VARCHAR},
      uptime = #{record.uptime,jdbcType=TIMESTAMP},
      address = #{record.address,jdbcType=VARCHAR},
      msize = #{record.msize,jdbcType=INTEGER}
    <if test="_parameter != null">
      <include refid="Update_By_Example_Where_Clause" />
    </if>
  </update>
  <update id="updateByPrimaryKeySelective" parameterType="com.fszn.integrationframework.domain.Material">
    update material
    <set>
      <if test="esn != null">
        esn = #{esn,jdbcType=BIGINT},
      </if>
      <if test="guid != null">
        GUID = #{guid,jdbcType=VARCHAR},
      </if>
      <if test="mtype != null">
        mtype = #{mtype,jdbcType=VARCHAR},
      </if>
      <if test="mname != null">
        mname = #{mname,jdbcType=VARCHAR},
      </if>
      <if test="uptime != null">
        uptime = #{uptime,jdbcType=TIMESTAMP},
      </if>
      <if test="address != null">
        address = #{address,jdbcType=VARCHAR},
      </if>
      <if test="msize != null">
        msize = #{msize,jdbcType=INTEGER},
      </if>
    </set>
    where msn = #{msn,jdbcType=BIGINT}
  </update>
  <update id="updateByPrimaryKey" parameterType="com.fszn.integrationframework.domain.Material">
    update material
    set esn = #{esn,jdbcType=BIGINT},
      GUID = #{guid,jdbcType=VARCHAR},
      mtype = #{mtype,jdbcType=VARCHAR},
      mname = #{mname,jdbcType=VARCHAR},
      uptime = #{uptime,jdbcType=TIMESTAMP},
      address = #{address,jdbcType=VARCHAR},
      msize = #{msize,jdbcType=INTEGER}
    where msn = #{msn,jdbcType=BIGINT}
  </update>
</mapper>