<?xml version="1.0" encoding="UTF-8"?>
<!DOCTYPE mapper PUBLIC "-//mybatis.org//DTD Mapper 3.0//EN" "http://mybatis.org/dtd/mybatis-3-mapper.dtd">
<mapper namespace="com.fszn.integrationframework.dao.PorpertyMapper">
  <resultMap id="BaseResultMap" type="com.fszn.integrationframework.domain.Porperty">
    <id column="psn" jdbcType="BIGINT" property="psn" />
    <result column="esn" jdbcType="BIGINT" property="esn" />
    <result column="pno" jdbcType="VARCHAR" property="pno" />
    <result column="owners" jdbcType="VARCHAR" property="owners" />
    <result column="paddress" jdbcType="VARCHAR" property="paddress" />
    <result column="pdt" jdbcType="DATE" property="pdt" />
    <result column="icd" jdbcType="VARCHAR" property="icd" />
  </resultMap>
  <sql id="Example_Where_Clause">
    <where>
      <foreach collection="oredCriteria" item="criteria" separator="or">
        <if test="criteria.valid">
          <trim prefix="(" prefixOverrides="and" suffix=")">
            <foreach collection="criteria.criteria" item="criterion">
              <choose>
                <when test="criterion.noValue">
                  and ${criterion.condition}
                </when>
                <when test="criterion.singleValue">
                  and ${criterion.condition} #{criterion.value}
                </when>
                <when test="criterion.betweenValue">
                  and ${criterion.condition} #{criterion.value} and #{criterion.secondValue}
                </when>
                <when test="criterion.listValue">
                  and ${criterion.condition}
                  <foreach close=")" collection="criterion.value" item="listItem" open="(" separator=",">
                    #{listItem}
                  </foreach>
                </when>
              </choose>
            </foreach>
          </trim>
        </if>
      </foreach>
    </where>
  </sql>
  <sql id="Update_By_Example_Where_Clause">
    <where>
      <foreach collection="example.oredCriteria" item="criteria" separator="or">
        <if test="criteria.valid">
          <trim prefix="(" prefixOverrides="and" suffix=")">
            <foreach collection="criteria.criteria" item="criterion">
              <choose>
                <when test="criterion.noValue">
                  and ${criterion.condition}
                </when>
                <when test="criterion.singleValue">
                  and ${criterion.condition} #{criterion.value}
                </when>
                <when test="criterion.betweenValue">
                  and ${criterion.condition} #{criterion.value} and #{criterion.secondValue}
                </when>
                <when test="criterion.listValue">
                  and ${criterion.condition}
                  <foreach close=")" collection="criterion.value" item="listItem" open="(" separator=",">
                    #{listItem}
                  </foreach>
                </when>
              </choose>
            </foreach>
          </trim>
        </if>
      </foreach>
    </where>
  </sql>
  <sql id="Base_Column_List">
    psn, esn, pno, owners, paddress, pdt, icd
  </sql>
  <select id="selectByExample" parameterType="com.fszn.integrationframework.domain.PorpertyExample" resultMap="BaseResultMap">
    select
    <if test="distinct">
      distinct
    </if>
    <include refid="Base_Column_List" />
    from porperty
    <if test="_parameter != null">
      <include refid="Example_Where_Clause" />
    </if>
    <if test="orderByClause != null">
      order by ${orderByClause}
    </if>
  </select>
  <select id="selectByPrimaryKey" parameterType="java.lang.Long" resultMap="BaseResultMap">
    select 
    <include refid="Base_Column_List" />
    from porperty
    where psn = #{psn,jdbcType=BIGINT}
  </select>
  <delete id="deleteByPrimaryKey" parameterType="java.lang.Long">
    delete from porperty
    where psn = #{psn,jdbcType=BIGINT}
  </delete>
  <delete id="deleteByExample" parameterType="com.fszn.integrationframework.domain.PorpertyExample">
    delete from porperty
    <if test="_parameter != null">
      <include refid="Example_Where_Clause" />
    </if>
  </delete>
  <insert id="insert" parameterType="com.fszn.integrationframework.domain.Porperty">
    insert into porperty (psn, esn, pno, 
      owners, paddress, pdt, 
      icd)
    values (#{psn,jdbcType=BIGINT}, #{esn,jdbcType=BIGINT}, #{pno,jdbcType=VARCHAR}, 
      #{owners,jdbcType=VARCHAR}, #{paddress,jdbcType=VARCHAR}, #{pdt,jdbcType=DATE}, 
      #{icd,jdbcType=VARCHAR})
  </insert>
  <insert id="insertSelective" parameterType="com.fszn.integrationframework.domain.Porperty">
    insert into porperty
    <trim prefix="(" suffix=")" suffixOverrides=",">
      <if test="psn != null">
        psn,
      </if>
      <if test="esn != null">
        esn,
      </if>
      <if test="pno != null">
        pno,
      </if>
      <if test="owners != null">
        owners,
      </if>
      <if test="paddress != null">
        paddress,
      </if>
      <if test="pdt != null">
        pdt,
      </if>
      <if test="icd != null">
        icd,
      </if>
    </trim>
    <trim prefix="values (" suffix=")" suffixOverrides=",">
      <if test="psn != null">
        #{psn,jdbcType=BIGINT},
      </if>
      <if test="esn != null">
        #{esn,jdbcType=BIGINT},
      </if>
      <if test="pno != null">
        #{pno,jdbcType=VARCHAR},
      </if>
      <if test="owners != null">
        #{owners,jdbcType=VARCHAR},
      </if>
      <if test="paddress != null">
        #{paddress,jdbcType=VARCHAR},
      </if>
      <if test="pdt != null">
        #{pdt,jdbcType=DATE},
      </if>
      <if test="icd != null">
        #{icd,jdbcType=VARCHAR},
      </if>
    </trim>
  </insert>
  <select id="countByExample" parameterType="com.fszn.integrationframework.domain.PorpertyExample" resultType="java.lang.Long">
    select count(*) from porperty
    <if test="_parameter != null">
      <include refid="Example_Where_Clause" />
    </if>
  </select>
  <update id="updateByExampleSelective" parameterType="map">
    update porperty
    <set>
      <if test="record.psn != null">
        psn = #{record.psn,jdbcType=BIGINT},
      </if>
      <if test="record.esn != null">
        esn = #{record.esn,jdbcType=BIGINT},
      </if>
      <if test="record.pno != null">
        pno = #{record.pno,jdbcType=VARCHAR},
      </if>
      <if test="record.owners != null">
        owners = #{record.owners,jdbcType=VARCHAR},
      </if>
      <if test="record.paddress != null">
        paddress = #{record.paddress,jdbcType=VARCHAR},
      </if>
      <if test="record.pdt != null">
        pdt = #{record.pdt,jdbcType=DATE},
      </if>
      <if test="record.icd != null">
        icd = #{record.icd,jdbcType=VARCHAR},
      </if>
    </set>
    <if test="_parameter != null">
      <include refid="Update_By_Example_Where_Clause" />
    </if>
  </update>
  <update id="updateByExample" parameterType="map">
    update porperty
    set psn = #{record.psn,jdbcType=BIGINT},
      esn = #{record.esn,jdbcType=BIGINT},
      pno = #{record.pno,jdbcType=VARCHAR},
      owners = #{record.owners,jdbcType=VARCHAR},
      paddress = #{record.paddress,jdbcType=VARCHAR},
      pdt = #{record.pdt,jdbcType=DATE},
      icd = #{record.icd,jdbcType=VARCHAR}
    <if test="_parameter != null">
      <include refid="Update_By_Example_Where_Clause" />
    </if>
  </update>
  <update id="updateByPrimaryKeySelective" parameterType="com.fszn.integrationframework.domain.Porperty">
    update porperty
    <set>
      <if test="esn != null">
        esn = #{esn,jdbcType=BIGINT},
      </if>
      <if test="pno != null">
        pno = #{pno,jdbcType=VARCHAR},
      </if>
      <if test="owners != null">
        owners = #{owners,jdbcType=VARCHAR},
      </if>
      <if test="paddress != null">
        paddress = #{paddress,jdbcType=VARCHAR},
      </if>
      <if test="pdt != null">
        pdt = #{pdt,jdbcType=DATE},
      </if>
      <if test="icd != null">
        icd = #{icd,jdbcType=VARCHAR},
      </if>
    </set>
    where psn = #{psn,jdbcType=BIGINT}
  </update>
  <update id="updateByPrimaryKey" parameterType="com.fszn.integrationframework.domain.Porperty">
    update porperty
    set esn = #{esn,jdbcType=BIGINT},
      pno = #{pno,jdbcType=VARCHAR},
      owners = #{owners,jdbcType=VARCHAR},
      paddress = #{paddress,jdbcType=VARCHAR},
      pdt = #{pdt,jdbcType=DATE},
      icd = #{icd,jdbcType=VARCHAR}
    where psn = #{psn,jdbcType=BIGINT}
  </update>
</mapper>