<?xml version="1.0" encoding="UTF-8"?>
<!DOCTYPE mapper PUBLIC "-//mybatis.org//DTD Mapper 3.0//EN" "http://mybatis.org/dtd/mybatis-3-mapper.dtd">
<mapper namespace="com.fszn.integrationframework.dao.RoleMapper">
  <resultMap id="BaseResultMap" type="com.fszn.integrationframework.domain.Role">
    <id column="rcode" jdbcType="CHAR" property="rcode" />
    <result column="rname" jdbcType="VARCHAR" property="rname" />
    <result column="note" jdbcType="VARCHAR" property="note" />
  </resultMap>
  <sql id="Example_Where_Clause">
    <where>
      <foreach collection="oredCriteria" item="criteria" separator="or">
        <if test="criteria.valid">
          <trim prefix="(" prefixOverrides="and" suffix=")">
            <foreach collection="criteria.criteria" item="criterion">
              <choose>
                <when test="criterion.noValue">
                  and ${criterion.condition}
                </when>
                <when test="criterion.singleValue">
                  and ${criterion.condition} #{criterion.value}
                </when>
                <when test="criterion.betweenValue">
                  and ${criterion.condition} #{criterion.value} and #{criterion.secondValue}
                </when>
                <when test="criterion.listValue">
                  and ${criterion.condition}
                  <foreach close=")" collection="criterion.value" item="listItem" open="(" separator=",">
                    #{listItem}
                  </foreach>
                </when>
              </choose>
            </foreach>
          </trim>
        </if>
      </foreach>
    </where>
  </sql>
  <sql id="Update_By_Example_Where_Clause">
    <where>
      <foreach collection="example.oredCriteria" item="criteria" separator="or">
        <if test="criteria.valid">
          <trim prefix="(" prefixOverrides="and" suffix=")">
            <foreach collection="criteria.criteria" item="criterion">
              <choose>
                <when test="criterion.noValue">
                  and ${criterion.condition}
                </when>
                <when test="criterion.singleValue">
                  and ${criterion.condition} #{criterion.value}
                </when>
                <when test="criterion.betweenValue">
                  and ${criterion.condition} #{criterion.value} and #{criterion.secondValue}
                </when>
                <when test="criterion.listValue">
                  and ${criterion.condition}
                  <foreach close=")" collection="criterion.value" item="listItem" open="(" separator=",">
                    #{listItem}
                  </foreach>
                </when>
              </choose>
            </foreach>
          </trim>
        </if>
      </foreach>
    </where>
  </sql>
  <sql id="Base_Column_List">
    rcode, rname, note
  </sql>
  <select id="selectByExample" parameterType="com.fszn.integrationframework.domain.RoleExample" resultMap="BaseResultMap">
    select
    <if test="distinct">
      distinct
    </if>
    <include refid="Base_Column_List" />
    from role
    <if test="_parameter != null">
      <include refid="Example_Where_Clause" />
    </if>
    <if test="orderByClause != null">
      order by ${orderByClause}
    </if>
  </select>
  <select id="selectByPrimaryKey" parameterType="java.lang.String" resultMap="BaseResultMap">
    select 
    <include refid="Base_Column_List" />
    from role
    where rcode = #{rcode,jdbcType=CHAR}
  </select>
  <delete id="deleteByPrimaryKey" parameterType="java.lang.String">
    delete from role
    where rcode = #{rcode,jdbcType=CHAR}
  </delete>
  <delete id="deleteByExample" parameterType="com.fszn.integrationframework.domain.RoleExample">
    delete from role
    <if test="_parameter != null">
      <include refid="Example_Where_Clause" />
    </if>
  </delete>
  <insert id="insert" parameterType="com.fszn.integrationframework.domain.Role">
    insert into role (rcode, rname, note
      )
    values (#{rcode,jdbcType=CHAR}, #{rname,jdbcType=VARCHAR}, #{note,jdbcType=VARCHAR}
      )
  </insert>
  <insert id="insertSelective" parameterType="com.fszn.integrationframework.domain.Role">
    insert into role
    <trim prefix="(" suffix=")" suffixOverrides=",">
      <if test="rcode != null">
        rcode,
      </if>
      <if test="rname != null">
        rname,
      </if>
      <if test="note != null">
        note,
      </if>
    </trim>
    <trim prefix="values (" suffix=")" suffixOverrides=",">
      <if test="rcode != null">
        #{rcode,jdbcType=CHAR},
      </if>
      <if test="rname != null">
        #{rname,jdbcType=VARCHAR},
      </if>
      <if test="note != null">
        #{note,jdbcType=VARCHAR},
      </if>
    </trim>
  </insert>
  <select id="countByExample" parameterType="com.fszn.integrationframework.domain.RoleExample" resultType="java.lang.Long">
    select count(*) from role
    <if test="_parameter != null">
      <include refid="Example_Where_Clause" />
    </if>
  </select>
  <update id="updateByExampleSelective" parameterType="map">
    update role
    <set>
      <if test="record.rcode != null">
        rcode = #{record.rcode,jdbcType=CHAR},
      </if>
      <if test="record.rname != null">
        rname = #{record.rname,jdbcType=VARCHAR},
      </if>
      <if test="record.note != null">
        note = #{record.note,jdbcType=VARCHAR},
      </if>
    </set>
    <if test="_parameter != null">
      <include refid="Update_By_Example_Where_Clause" />
    </if>
  </update>
  <update id="updateByExample" parameterType="map">
    update role
    set rcode = #{record.rcode,jdbcType=CHAR},
      rname = #{record.rname,jdbcType=VARCHAR},
      note = #{record.note,jdbcType=VARCHAR}
    <if test="_parameter != null">
      <include refid="Update_By_Example_Where_Clause" />
    </if>
  </update>
  <update id="updateByPrimaryKeySelective" parameterType="com.fszn.integrationframework.domain.Role">
    update role
    <set>
      <if test="rname != null">
        rname = #{rname,jdbcType=VARCHAR},
      </if>
      <if test="note != null">
        note = #{note,jdbcType=VARCHAR},
      </if>
    </set>
    where rcode = #{rcode,jdbcType=CHAR}
  </update>
  <update id="updateByPrimaryKey" parameterType="com.fszn.integrationframework.domain.Role">
    update role
    set rname = #{rname,jdbcType=VARCHAR},
      note = #{note,jdbcType=VARCHAR}
    where rcode = #{rcode,jdbcType=CHAR}
  </update>
</mapper>