<?xml version="1.0" encoding="UTF-8"?>
<!DOCTYPE mapper PUBLIC "-//mybatis.org//DTD Mapper 3.0//EN" "http://mybatis.org/dtd/mybatis-3-mapper.dtd">
<mapper namespace="com.fszn.integrationframework.dao.SchoolDistrictMapper">
  <resultMap id="BaseResultMap" type="com.fszn.integrationframework.domain.SchoolDistrict">
    <id column="dsn" jdbcType="INTEGER" property="dsn" />
    <result column="dname" jdbcType="VARCHAR" property="dname" />
    <result column="description" jdbcType="VARCHAR" property="description" />
    <result column="dyear" jdbcType="INTEGER" property="dyear" />
  </resultMap>
  <sql id="Example_Where_Clause">
    <where>
      <foreach collection="oredCriteria" item="criteria" separator="or">
        <if test="criteria.valid">
          <trim prefix="(" prefixOverrides="and" suffix=")">
            <foreach collection="criteria.criteria" item="criterion">
              <choose>
                <when test="criterion.noValue">
                  and ${criterion.condition}
                </when>
                <when test="criterion.singleValue">
                  and ${criterion.condition} #{criterion.value}
                </when>
                <when test="criterion.betweenValue">
                  and ${criterion.condition} #{criterion.value} and #{criterion.secondValue}
                </when>
                <when test="criterion.listValue">
                  and ${criterion.condition}
                  <foreach close=")" collection="criterion.value" item="listItem" open="(" separator=",">
                    #{listItem}
                  </foreach>
                </when>
              </choose>
            </foreach>
          </trim>
        </if>
      </foreach>
    </where>
  </sql>
  <sql id="Update_By_Example_Where_Clause">
    <where>
      <foreach collection="example.oredCriteria" item="criteria" separator="or">
        <if test="criteria.valid">
          <trim prefix="(" prefixOverrides="and" suffix=")">
            <foreach collection="criteria.criteria" item="criterion">
              <choose>
                <when test="criterion.noValue">
                  and ${criterion.condition}
                </when>
                <when test="criterion.singleValue">
                  and ${criterion.condition} #{criterion.value}
                </when>
                <when test="criterion.betweenValue">
                  and ${criterion.condition} #{criterion.value} and #{criterion.secondValue}
                </when>
                <when test="criterion.listValue">
                  and ${criterion.condition}
                  <foreach close=")" collection="criterion.value" item="listItem" open="(" separator=",">
                    #{listItem}
                  </foreach>
                </when>
              </choose>
            </foreach>
          </trim>
        </if>
      </foreach>
    </where>
  </sql>
  <sql id="Base_Column_List">
    dsn, dname, description, dyear
  </sql>
  <select id="selectByExample" parameterType="com.fszn.integrationframework.domain.SchoolDistrictExample" resultMap="BaseResultMap">
    select
    <if test="distinct">
      distinct
    </if>
    <include refid="Base_Column_List" />
    from school_district
    <if test="_parameter != null">
      <include refid="Example_Where_Clause" />
    </if>
    <if test="orderByClause != null">
      order by ${orderByClause}
    </if>
  </select>
  <select id="selectByPrimaryKey" parameterType="java.lang.Integer" resultMap="BaseResultMap">
    select 
    <include refid="Base_Column_List" />
    from school_district
    where dsn = #{dsn,jdbcType=INTEGER}
  </select>
  <delete id="deleteByPrimaryKey" parameterType="java.lang.Integer">
    delete from school_district
    where dsn = #{dsn,jdbcType=INTEGER}
  </delete>
  <delete id="deleteByExample" parameterType="com.fszn.integrationframework.domain.SchoolDistrictExample">
    delete from school_district
    <if test="_parameter != null">
      <include refid="Example_Where_Clause" />
    </if>
  </delete>
  <insert id="insert" parameterType="com.fszn.integrationframework.domain.SchoolDistrict">
    insert into school_district (dsn, dname, description, 
      dyear)
    values (#{dsn,jdbcType=INTEGER}, #{dname,jdbcType=VARCHAR}, #{description,jdbcType=VARCHAR}, 
      #{dyear,jdbcType=INTEGER})
  </insert>
  <insert id="insertSelective" parameterType="com.fszn.integrationframework.domain.SchoolDistrict">
    insert into school_district
    <trim prefix="(" suffix=")" suffixOverrides=",">
      <if test="dsn != null">
        dsn,
      </if>
      <if test="dname != null">
        dname,
      </if>
      <if test="description != null">
        description,
      </if>
      <if test="dyear != null">
        dyear,
      </if>
    </trim>
    <trim prefix="values (" suffix=")" suffixOverrides=",">
      <if test="dsn != null">
        #{dsn,jdbcType=INTEGER},
      </if>
      <if test="dname != null">
        #{dname,jdbcType=VARCHAR},
      </if>
      <if test="description != null">
        #{description,jdbcType=VARCHAR},
      </if>
      <if test="dyear != null">
        #{dyear,jdbcType=INTEGER},
      </if>
    </trim>
  </insert>
  <select id="countByExample" parameterType="com.fszn.integrationframework.domain.SchoolDistrictExample" resultType="java.lang.Long">
    select count(*) from school_district
    <if test="_parameter != null">
      <include refid="Example_Where_Clause" />
    </if>
  </select>
  <update id="updateByExampleSelective" parameterType="map">
    update school_district
    <set>
      <if test="record.dsn != null">
        dsn = #{record.dsn,jdbcType=INTEGER},
      </if>
      <if test="record.dname != null">
        dname = #{record.dname,jdbcType=VARCHAR},
      </if>
      <if test="record.description != null">
        description = #{record.description,jdbcType=VARCHAR},
      </if>
      <if test="record.dyear != null">
        dyear = #{record.dyear,jdbcType=INTEGER},
      </if>
    </set>
    <if test="_parameter != null">
      <include refid="Update_By_Example_Where_Clause" />
    </if>
  </update>
  <update id="updateByExample" parameterType="map">
    update school_district
    set dsn = #{record.dsn,jdbcType=INTEGER},
      dname = #{record.dname,jdbcType=VARCHAR},
      description = #{record.description,jdbcType=VARCHAR},
      dyear = #{record.dyear,jdbcType=INTEGER}
    <if test="_parameter != null">
      <include refid="Update_By_Example_Where_Clause" />
    </if>
  </update>
  <update id="updateByPrimaryKeySelective" parameterType="com.fszn.integrationframework.domain.SchoolDistrict">
    update school_district
    <set>
      <if test="dname != null">
        dname = #{dname,jdbcType=VARCHAR},
      </if>
      <if test="description != null">
        description = #{description,jdbcType=VARCHAR},
      </if>
      <if test="dyear != null">
        dyear = #{dyear,jdbcType=INTEGER},
      </if>
    </set>
    where dsn = #{dsn,jdbcType=INTEGER}
  </update>
  <update id="updateByPrimaryKey" parameterType="com.fszn.integrationframework.domain.SchoolDistrict">
    update school_district
    set dname = #{dname,jdbcType=VARCHAR},
      description = #{description,jdbcType=VARCHAR},
      dyear = #{dyear,jdbcType=INTEGER}
    where dsn = #{dsn,jdbcType=INTEGER}
  </update>
</mapper>