<?xml version="1.0" encoding="UTF-8"?>
<!DOCTYPE mapper PUBLIC "-//mybatis.org//DTD Mapper 3.0//EN" "http://mybatis.org/dtd/mybatis-3-mapper.dtd">
<mapper namespace="com.fszn.integrationframework.dao.SchoolMapper">
  <resultMap id="BaseResultMap" type="com.fszn.integrationframework.domain.School">
    <id column="scsn" jdbcType="INTEGER" property="scsn" />
    <result column="asn" jdbcType="INTEGER" property="asn" />
    <result column="dsn" jdbcType="INTEGER" property="dsn" />
    <result column="scname" jdbcType="VARCHAR" property="scname" />
    <result column="sctype" jdbcType="VARCHAR" property="sctype" />
    <result column="scaddress" jdbcType="VARCHAR" property="scaddress" />
    <result column="person" jdbcType="VARCHAR" property="person" />
    <result column="phone" jdbcType="VARCHAR" property="phone" />
    <result column="cnt" jdbcType="INTEGER" property="cnt" />
    <result column="note" jdbcType="VARCHAR" property="note" />
  </resultMap>
  <sql id="Example_Where_Clause">
    <where>
      <foreach collection="oredCriteria" item="criteria" separator="or">
        <if test="criteria.valid">
          <trim prefix="(" prefixOverrides="and" suffix=")">
            <foreach collection="criteria.criteria" item="criterion">
              <choose>
                <when test="criterion.noValue">
                  and ${criterion.condition}
                </when>
                <when test="criterion.singleValue">
                  and ${criterion.condition} #{criterion.value}
                </when>
                <when test="criterion.betweenValue">
                  and ${criterion.condition} #{criterion.value} and #{criterion.secondValue}
                </when>
                <when test="criterion.listValue">
                  and ${criterion.condition}
                  <foreach close=")" collection="criterion.value" item="listItem" open="(" separator=",">
                    #{listItem}
                  </foreach>
                </when>
              </choose>
            </foreach>
          </trim>
        </if>
      </foreach>
    </where>
  </sql>
  <sql id="Update_By_Example_Where_Clause">
    <where>
      <foreach collection="example.oredCriteria" item="criteria" separator="or">
        <if test="criteria.valid">
          <trim prefix="(" prefixOverrides="and" suffix=")">
            <foreach collection="criteria.criteria" item="criterion">
              <choose>
                <when test="criterion.noValue">
                  and ${criterion.condition}
                </when>
                <when test="criterion.singleValue">
                  and ${criterion.condition} #{criterion.value}
                </when>
                <when test="criterion.betweenValue">
                  and ${criterion.condition} #{criterion.value} and #{criterion.secondValue}
                </when>
                <when test="criterion.listValue">
                  and ${criterion.condition}
                  <foreach close=")" collection="criterion.value" item="listItem" open="(" separator=",">
                    #{listItem}
                  </foreach>
                </when>
              </choose>
            </foreach>
          </trim>
        </if>
      </foreach>
    </where>
  </sql>
  <sql id="Base_Column_List">
    scsn, asn, dsn, scname, sctype, scaddress, person, phone, cnt, note
  </sql>
  <select id="selectByExample" parameterType="com.fszn.integrationframework.domain.SchoolExample" resultMap="BaseResultMap">
    select
    <if test="distinct">
      distinct
    </if>
    <include refid="Base_Column_List" />
    from school
    <if test="_parameter != null">
      <include refid="Example_Where_Clause" />
    </if>
    <if test="orderByClause != null">
      order by ${orderByClause}
    </if>
  </select>
  <select id="selectByPrimaryKey" parameterType="java.lang.Integer" resultMap="BaseResultMap">
    select 
    <include refid="Base_Column_List" />
    from school
    where scsn = #{scsn,jdbcType=INTEGER}
  </select>
  <delete id="deleteByPrimaryKey" parameterType="java.lang.Integer">
    delete from school
    where scsn = #{scsn,jdbcType=INTEGER}
  </delete>
  <delete id="deleteByExample" parameterType="com.fszn.integrationframework.domain.SchoolExample">
    delete from school
    <if test="_parameter != null">
      <include refid="Example_Where_Clause" />
    </if>
  </delete>
  <insert id="insert" parameterType="com.fszn.integrationframework.domain.School">
    insert into school (scsn, asn, dsn, 
      scname, sctype, scaddress, 
      person, phone, cnt, 
      note)
    values (#{scsn,jdbcType=INTEGER}, #{asn,jdbcType=INTEGER}, #{dsn,jdbcType=INTEGER}, 
      #{scname,jdbcType=VARCHAR}, #{sctype,jdbcType=VARCHAR}, #{scaddress,jdbcType=VARCHAR}, 
      #{person,jdbcType=VARCHAR}, #{phone,jdbcType=VARCHAR}, #{cnt,jdbcType=INTEGER}, 
      #{note,jdbcType=VARCHAR})
  </insert>
  <insert id="insertSelective" parameterType="com.fszn.integrationframework.domain.School">
    insert into school
    <trim prefix="(" suffix=")" suffixOverrides=",">
      <if test="scsn != null">
        scsn,
      </if>
      <if test="asn != null">
        asn,
      </if>
      <if test="dsn != null">
        dsn,
      </if>
      <if test="scname != null">
        scname,
      </if>
      <if test="sctype != null">
        sctype,
      </if>
      <if test="scaddress != null">
        scaddress,
      </if>
      <if test="person != null">
        person,
      </if>
      <if test="phone != null">
        phone,
      </if>
      <if test="cnt != null">
        cnt,
      </if>
      <if test="note != null">
        note,
      </if>
    </trim>
    <trim prefix="values (" suffix=")" suffixOverrides=",">
      <if test="scsn != null">
        #{scsn,jdbcType=INTEGER},
      </if>
      <if test="asn != null">
        #{asn,jdbcType=INTEGER},
      </if>
      <if test="dsn != null">
        #{dsn,jdbcType=INTEGER},
      </if>
      <if test="scname != null">
        #{scname,jdbcType=VARCHAR},
      </if>
      <if test="sctype != null">
        #{sctype,jdbcType=VARCHAR},
      </if>
      <if test="scaddress != null">
        #{scaddress,jdbcType=VARCHAR},
      </if>
      <if test="person != null">
        #{person,jdbcType=VARCHAR},
      </if>
      <if test="phone != null">
        #{phone,jdbcType=VARCHAR},
      </if>
      <if test="cnt != null">
        #{cnt,jdbcType=INTEGER},
      </if>
      <if test="note != null">
        #{note,jdbcType=VARCHAR},
      </if>
    </trim>
  </insert>
  <select id="countByExample" parameterType="com.fszn.integrationframework.domain.SchoolExample" resultType="java.lang.Long">
    select count(*) from school
    <if test="_parameter != null">
      <include refid="Example_Where_Clause" />
    </if>
  </select>
  <update id="updateByExampleSelective" parameterType="map">
    update school
    <set>
      <if test="record.scsn != null">
        scsn = #{record.scsn,jdbcType=INTEGER},
      </if>
      <if test="record.asn != null">
        asn = #{record.asn,jdbcType=INTEGER},
      </if>
      <if test="record.dsn != null">
        dsn = #{record.dsn,jdbcType=INTEGER},
      </if>
      <if test="record.scname != null">
        scname = #{record.scname,jdbcType=VARCHAR},
      </if>
      <if test="record.sctype != null">
        sctype = #{record.sctype,jdbcType=VARCHAR},
      </if>
      <if test="record.scaddress != null">
        scaddress = #{record.scaddress,jdbcType=VARCHAR},
      </if>
      <if test="record.person != null">
        person = #{record.person,jdbcType=VARCHAR},
      </if>
      <if test="record.phone != null">
        phone = #{record.phone,jdbcType=VARCHAR},
      </if>
      <if test="record.cnt != null">
        cnt = #{record.cnt,jdbcType=INTEGER},
      </if>
      <if test="record.note != null">
        note = #{record.note,jdbcType=VARCHAR},
      </if>
    </set>
    <if test="_parameter != null">
      <include refid="Update_By_Example_Where_Clause" />
    </if>
  </update>
  <update id="updateByExample" parameterType="map">
    update school
    set scsn = #{record.scsn,jdbcType=INTEGER},
      asn = #{record.asn,jdbcType=INTEGER},
      dsn = #{record.dsn,jdbcType=INTEGER},
      scname = #{record.scname,jdbcType=VARCHAR},
      sctype = #{record.sctype,jdbcType=VARCHAR},
      scaddress = #{record.scaddress,jdbcType=VARCHAR},
      person = #{record.person,jdbcType=VARCHAR},
      phone = #{record.phone,jdbcType=VARCHAR},
      cnt = #{record.cnt,jdbcType=INTEGER},
      note = #{record.note,jdbcType=VARCHAR}
    <if test="_parameter != null">
      <include refid="Update_By_Example_Where_Clause" />
    </if>
  </update>
  <update id="updateByPrimaryKeySelective" parameterType="com.fszn.integrationframework.domain.School">
    update school
    <set>
      <if test="asn != null">
        asn = #{asn,jdbcType=INTEGER},
      </if>
      <if test="dsn != null">
        dsn = #{dsn,jdbcType=INTEGER},
      </if>
      <if test="scname != null">
        scname = #{scname,jdbcType=VARCHAR},
      </if>
      <if test="sctype != null">
        sctype = #{sctype,jdbcType=VARCHAR},
      </if>
      <if test="scaddress != null">
        scaddress = #{scaddress,jdbcType=VARCHAR},
      </if>
      <if test="person != null">
        person = #{person,jdbcType=VARCHAR},
      </if>
      <if test="phone != null">
        phone = #{phone,jdbcType=VARCHAR},
      </if>
      <if test="cnt != null">
        cnt = #{cnt,jdbcType=INTEGER},
      </if>
      <if test="note != null">
        note = #{note,jdbcType=VARCHAR},
      </if>
    </set>
    where scsn = #{scsn,jdbcType=INTEGER}
  </update>
  <update id="updateByPrimaryKey" parameterType="com.fszn.integrationframework.domain.School">
    update school
    set asn = #{asn,jdbcType=INTEGER},
      dsn = #{dsn,jdbcType=INTEGER},
      scname = #{scname,jdbcType=VARCHAR},
      sctype = #{sctype,jdbcType=VARCHAR},
      scaddress = #{scaddress,jdbcType=VARCHAR},
      person = #{person,jdbcType=VARCHAR},
      phone = #{phone,jdbcType=VARCHAR},
      cnt = #{cnt,jdbcType=INTEGER},
      note = #{note,jdbcType=VARCHAR}
    where scsn = #{scsn,jdbcType=INTEGER}
  </update>
</mapper>