<?xml version="1.0" encoding="UTF-8"?>
<!DOCTYPE mapper PUBLIC "-//mybatis.org//DTD Mapper 3.0//EN" "http://mybatis.org/dtd/mybatis-3-mapper.dtd">
<mapper namespace="com.fszn.integrationframework.dao.StudentMapper">
  <resultMap id="BaseResultMap" type="com.fszn.integrationframework.domain.Student">
    <id column="sn" jdbcType="BIGINT" property="sn" />
    <result column="esn" jdbcType="BIGINT" property="esn" />
    <result column="realname" jdbcType="VARCHAR" property="realname" />
    <result column="id" jdbcType="CHAR" property="id" />
    <result column="sex" jdbcType="CHAR" property="sex" />
    <result column="birth" jdbcType="DATE" property="birth" />
    <result column="school" jdbcType="VARCHAR" property="school" />
    <result column="number" jdbcType="INTEGER" property="number" />
    <result column="note" jdbcType="VARCHAR" property="note" />
  </resultMap>
  <sql id="Example_Where_Clause">
    <where>
      <foreach collection="oredCriteria" item="criteria" separator="or">
        <if test="criteria.valid">
          <trim prefix="(" prefixOverrides="and" suffix=")">
            <foreach collection="criteria.criteria" item="criterion">
              <choose>
                <when test="criterion.noValue">
                  and ${criterion.condition}
                </when>
                <when test="criterion.singleValue">
                  and ${criterion.condition} #{criterion.value}
                </when>
                <when test="criterion.betweenValue">
                  and ${criterion.condition} #{criterion.value} and #{criterion.secondValue}
                </when>
                <when test="criterion.listValue">
                  and ${criterion.condition}
                  <foreach close=")" collection="criterion.value" item="listItem" open="(" separator=",">
                    #{listItem}
                  </foreach>
                </when>
              </choose>
            </foreach>
          </trim>
        </if>
      </foreach>
    </where>
  </sql>
  <sql id="Update_By_Example_Where_Clause">
    <where>
      <foreach collection="example.oredCriteria" item="criteria" separator="or">
        <if test="criteria.valid">
          <trim prefix="(" prefixOverrides="and" suffix=")">
            <foreach collection="criteria.criteria" item="criterion">
              <choose>
                <when test="criterion.noValue">
                  and ${criterion.condition}
                </when>
                <when test="criterion.singleValue">
                  and ${criterion.condition} #{criterion.value}
                </when>
                <when test="criterion.betweenValue">
                  and ${criterion.condition} #{criterion.value} and #{criterion.secondValue}
                </when>
                <when test="criterion.listValue">
                  and ${criterion.condition}
                  <foreach close=")" collection="criterion.value" item="listItem" open="(" separator=",">
                    #{listItem}
                  </foreach>
                </when>
              </choose>
            </foreach>
          </trim>
        </if>
      </foreach>
    </where>
  </sql>
  <sql id="Base_Column_List">
    sn, esn, realname, id, sex, birth, school, number, note
  </sql>
  <select id="selectByExample" parameterType="com.fszn.integrationframework.domain.StudentExample" resultMap="BaseResultMap">
    select
    <if test="distinct">
      distinct
    </if>
    <include refid="Base_Column_List" />
    from student
    <if test="_parameter != null">
      <include refid="Example_Where_Clause" />
    </if>
    <if test="orderByClause != null">
      order by ${orderByClause}
    </if>
  </select>
  <select id="selectByPrimaryKey" parameterType="java.lang.Long" resultMap="BaseResultMap">
    select 
    <include refid="Base_Column_List" />
    from student
    where sn = #{sn,jdbcType=BIGINT}
  </select>
  <delete id="deleteByPrimaryKey" parameterType="java.lang.Long">
    delete from student
    where sn = #{sn,jdbcType=BIGINT}
  </delete>
  <delete id="deleteByExample" parameterType="com.fszn.integrationframework.domain.StudentExample">
    delete from student
    <if test="_parameter != null">
      <include refid="Example_Where_Clause" />
    </if>
  </delete>
  <insert id="insert" parameterType="com.fszn.integrationframework.domain.Student">
    insert into student (sn, esn, realname, 
      id, sex, birth, school, 
      number, note)
    values (#{sn,jdbcType=BIGINT}, #{esn,jdbcType=BIGINT}, #{realname,jdbcType=VARCHAR}, 
      #{id,jdbcType=CHAR}, #{sex,jdbcType=CHAR}, #{birth,jdbcType=DATE}, #{school,jdbcType=VARCHAR}, 
      #{number,jdbcType=INTEGER}, #{note,jdbcType=VARCHAR})
  </insert>
  <insert id="insertSelective" parameterType="com.fszn.integrationframework.domain.Student">
    insert into student
    <trim prefix="(" suffix=")" suffixOverrides=",">
      <if test="sn != null">
        sn,
      </if>
      <if test="esn != null">
        esn,
      </if>
      <if test="realname != null">
        realname,
      </if>
      <if test="id != null">
        id,
      </if>
      <if test="sex != null">
        sex,
      </if>
      <if test="birth != null">
        birth,
      </if>
      <if test="school != null">
        school,
      </if>
      <if test="number != null">
        number,
      </if>
      <if test="note != null">
        note,
      </if>
    </trim>
    <trim prefix="values (" suffix=")" suffixOverrides=",">
      <if test="sn != null">
        #{sn,jdbcType=BIGINT},
      </if>
      <if test="esn != null">
        #{esn,jdbcType=BIGINT},
      </if>
      <if test="realname != null">
        #{realname,jdbcType=VARCHAR},
      </if>
      <if test="id != null">
        #{id,jdbcType=CHAR},
      </if>
      <if test="sex != null">
        #{sex,jdbcType=CHAR},
      </if>
      <if test="birth != null">
        #{birth,jdbcType=DATE},
      </if>
      <if test="school != null">
        #{school,jdbcType=VARCHAR},
      </if>
      <if test="number != null">
        #{number,jdbcType=INTEGER},
      </if>
      <if test="note != null">
        #{note,jdbcType=VARCHAR},
      </if>
    </trim>
  </insert>
  <select id="countByExample" parameterType="com.fszn.integrationframework.domain.StudentExample" resultType="java.lang.Long">
    select count(*) from student
    <if test="_parameter != null">
      <include refid="Example_Where_Clause" />
    </if>
  </select>
  <update id="updateByExampleSelective" parameterType="map">
    update student
    <set>
      <if test="record.sn != null">
        sn = #{record.sn,jdbcType=BIGINT},
      </if>
      <if test="record.esn != null">
        esn = #{record.esn,jdbcType=BIGINT},
      </if>
      <if test="record.realname != null">
        realname = #{record.realname,jdbcType=VARCHAR},
      </if>
      <if test="record.id != null">
        id = #{record.id,jdbcType=CHAR},
      </if>
      <if test="record.sex != null">
        sex = #{record.sex,jdbcType=CHAR},
      </if>
      <if test="record.birth != null">
        birth = #{record.birth,jdbcType=DATE},
      </if>
      <if test="record.school != null">
        school = #{record.school,jdbcType=VARCHAR},
      </if>
      <if test="record.number != null">
        number = #{record.number,jdbcType=INTEGER},
      </if>
      <if test="record.note != null">
        note = #{record.note,jdbcType=VARCHAR},
      </if>
    </set>
    <if test="_parameter != null">
      <include refid="Update_By_Example_Where_Clause" />
    </if>
  </update>
  <update id="updateByExample" parameterType="map">
    update student
    set sn = #{record.sn,jdbcType=BIGINT},
      esn = #{record.esn,jdbcType=BIGINT},
      realname = #{record.realname,jdbcType=VARCHAR},
      id = #{record.id,jdbcType=CHAR},
      sex = #{record.sex,jdbcType=CHAR},
      birth = #{record.birth,jdbcType=DATE},
      school = #{record.school,jdbcType=VARCHAR},
      number = #{record.number,jdbcType=INTEGER},
      note = #{record.note,jdbcType=VARCHAR}
    <if test="_parameter != null">
      <include refid="Update_By_Example_Where_Clause" />
    </if>
  </update>
  <update id="updateByPrimaryKeySelective" parameterType="com.fszn.integrationframework.domain.Student">
    update student
    <set>
      <if test="esn != null">
        esn = #{esn,jdbcType=BIGINT},
      </if>
      <if test="realname != null">
        realname = #{realname,jdbcType=VARCHAR},
      </if>
      <if test="id != null">
        id = #{id,jdbcType=CHAR},
      </if>
      <if test="sex != null">
        sex = #{sex,jdbcType=CHAR},
      </if>
      <if test="birth != null">
        birth = #{birth,jdbcType=DATE},
      </if>
      <if test="school != null">
        school = #{school,jdbcType=VARCHAR},
      </if>
      <if test="number != null">
        number = #{number,jdbcType=INTEGER},
      </if>
      <if test="note != null">
        note = #{note,jdbcType=VARCHAR},
      </if>
    </set>
    where sn = #{sn,jdbcType=BIGINT}
  </update>
  <update id="updateByPrimaryKey" parameterType="com.fszn.integrationframework.domain.Student">
    update student
    set esn = #{esn,jdbcType=BIGINT},
      realname = #{realname,jdbcType=VARCHAR},
      id = #{id,jdbcType=CHAR},
      sex = #{sex,jdbcType=CHAR},
      birth = #{birth,jdbcType=DATE},
      school = #{school,jdbcType=VARCHAR},
      number = #{number,jdbcType=INTEGER},
      note = #{note,jdbcType=VARCHAR}
    where sn = #{sn,jdbcType=BIGINT}
  </update>
</mapper>