<?xml version="1.0" encoding="UTF-8"?>
<!DOCTYPE mapper PUBLIC "-//mybatis.org//DTD Mapper 3.0//EN" "http://mybatis.org/dtd/mybatis-3-mapper.dtd">
<mapper namespace="com.fszn.integrationframework.dao.TimecontrolMapper">
  <resultMap id="BaseResultMap" type="com.fszn.integrationframework.domain.Timecontrol">
    <id column="sn" jdbcType="INTEGER" property="sn" />
    <result column="bcode" jdbcType="VARCHAR" property="bcode" />
    <result column="timeclass" jdbcType="VARCHAR" property="timeclass" />
    <result column="btime" jdbcType="TIMESTAMP" property="btime" />
    <result column="etime" jdbcType="TIMESTAMP" property="etime" />
    <result column="syear" jdbcType="INTEGER" property="syear" />
  </resultMap>
  <sql id="Example_Where_Clause">
    <where>
      <foreach collection="oredCriteria" item="criteria" separator="or">
        <if test="criteria.valid">
          <trim prefix="(" prefixOverrides="and" suffix=")">
            <foreach collection="criteria.criteria" item="criterion">
              <choose>
                <when test="criterion.noValue">
                  and ${criterion.condition}
                </when>
                <when test="criterion.singleValue">
                  and ${criterion.condition} #{criterion.value}
                </when>
                <when test="criterion.betweenValue">
                  and ${criterion.condition} #{criterion.value} and #{criterion.secondValue}
                </when>
                <when test="criterion.listValue">
                  and ${criterion.condition}
                  <foreach close=")" collection="criterion.value" item="listItem" open="(" separator=",">
                    #{listItem}
                  </foreach>
                </when>
              </choose>
            </foreach>
          </trim>
        </if>
      </foreach>
    </where>
  </sql>
  <sql id="Update_By_Example_Where_Clause">
    <where>
      <foreach collection="example.oredCriteria" item="criteria" separator="or">
        <if test="criteria.valid">
          <trim prefix="(" prefixOverrides="and" suffix=")">
            <foreach collection="criteria.criteria" item="criterion">
              <choose>
                <when test="criterion.noValue">
                  and ${criterion.condition}
                </when>
                <when test="criterion.singleValue">
                  and ${criterion.condition} #{criterion.value}
                </when>
                <when test="criterion.betweenValue">
                  and ${criterion.condition} #{criterion.value} and #{criterion.secondValue}
                </when>
                <when test="criterion.listValue">
                  and ${criterion.condition}
                  <foreach close=")" collection="criterion.value" item="listItem" open="(" separator=",">
                    #{listItem}
                  </foreach>
                </when>
              </choose>
            </foreach>
          </trim>
        </if>
      </foreach>
    </where>
  </sql>
  <sql id="Base_Column_List">
    sn, bcode, timeclass, btime, etime, syear
  </sql>
  <select id="selectByExample" parameterType="com.fszn.integrationframework.domain.TimecontrolExample" resultMap="BaseResultMap">
    select
    <if test="distinct">
      distinct
    </if>
    <include refid="Base_Column_List" />
    from timecontrol
    <if test="_parameter != null">
      <include refid="Example_Where_Clause" />
    </if>
    <if test="orderByClause != null">
      order by ${orderByClause}
    </if>
  </select>
  <select id="selectByPrimaryKey" parameterType="java.lang.Integer" resultMap="BaseResultMap">
    select 
    <include refid="Base_Column_List" />
    from timecontrol
    where sn = #{sn,jdbcType=INTEGER}
  </select>
  <delete id="deleteByPrimaryKey" parameterType="java.lang.Integer">
    delete from timecontrol
    where sn = #{sn,jdbcType=INTEGER}
  </delete>
  <delete id="deleteByExample" parameterType="com.fszn.integrationframework.domain.TimecontrolExample">
    delete from timecontrol
    <if test="_parameter != null">
      <include refid="Example_Where_Clause" />
    </if>
  </delete>
  <insert id="insert" parameterType="com.fszn.integrationframework.domain.Timecontrol">
    insert into timecontrol (sn, bcode, timeclass, 
      btime, etime, syear
      )
    values (#{sn,jdbcType=INTEGER}, #{bcode,jdbcType=VARCHAR}, #{timeclass,jdbcType=VARCHAR}, 
      #{btime,jdbcType=TIMESTAMP}, #{etime,jdbcType=TIMESTAMP}, #{syear,jdbcType=INTEGER}
      )
  </insert>
  <insert id="insertSelective" parameterType="com.fszn.integrationframework.domain.Timecontrol">
    insert into timecontrol
    <trim prefix="(" suffix=")" suffixOverrides=",">
      <if test="sn != null">
        sn,
      </if>
      <if test="bcode != null">
        bcode,
      </if>
      <if test="timeclass != null">
        timeclass,
      </if>
      <if test="btime != null">
        btime,
      </if>
      <if test="etime != null">
        etime,
      </if>
      <if test="syear != null">
        syear,
      </if>
    </trim>
    <trim prefix="values (" suffix=")" suffixOverrides=",">
      <if test="sn != null">
        #{sn,jdbcType=INTEGER},
      </if>
      <if test="bcode != null">
        #{bcode,jdbcType=VARCHAR},
      </if>
      <if test="timeclass != null">
        #{timeclass,jdbcType=VARCHAR},
      </if>
      <if test="btime != null">
        #{btime,jdbcType=TIMESTAMP},
      </if>
      <if test="etime != null">
        #{etime,jdbcType=TIMESTAMP},
      </if>
      <if test="syear != null">
        #{syear,jdbcType=INTEGER},
      </if>
    </trim>
  </insert>
  <select id="countByExample" parameterType="com.fszn.integrationframework.domain.TimecontrolExample" resultType="java.lang.Long">
    select count(*) from timecontrol
    <if test="_parameter != null">
      <include refid="Example_Where_Clause" />
    </if>
  </select>
  <update id="updateByExampleSelective" parameterType="map">
    update timecontrol
    <set>
      <if test="record.sn != null">
        sn = #{record.sn,jdbcType=INTEGER},
      </if>
      <if test="record.bcode != null">
        bcode = #{record.bcode,jdbcType=VARCHAR},
      </if>
      <if test="record.timeclass != null">
        timeclass = #{record.timeclass,jdbcType=VARCHAR},
      </if>
      <if test="record.btime != null">
        btime = #{record.btime,jdbcType=TIMESTAMP},
      </if>
      <if test="record.etime != null">
        etime = #{record.etime,jdbcType=TIMESTAMP},
      </if>
      <if test="record.syear != null">
        syear = #{record.syear,jdbcType=INTEGER},
      </if>
    </set>
    <if test="_parameter != null">
      <include refid="Update_By_Example_Where_Clause" />
    </if>
  </update>
  <update id="updateByExample" parameterType="map">
    update timecontrol
    set sn = #{record.sn,jdbcType=INTEGER},
      bcode = #{record.bcode,jdbcType=VARCHAR},
      timeclass = #{record.timeclass,jdbcType=VARCHAR},
      btime = #{record.btime,jdbcType=TIMESTAMP},
      etime = #{record.etime,jdbcType=TIMESTAMP},
      syear = #{record.syear,jdbcType=INTEGER}
    <if test="_parameter != null">
      <include refid="Update_By_Example_Where_Clause" />
    </if>
  </update>
  <update id="updateByPrimaryKeySelective" parameterType="com.fszn.integrationframework.domain.Timecontrol">
    update timecontrol
    <set>
      <if test="bcode != null">
        bcode = #{bcode,jdbcType=VARCHAR},
      </if>
      <if test="timeclass != null">
        timeclass = #{timeclass,jdbcType=VARCHAR},
      </if>
      <if test="btime != null">
        btime = #{btime,jdbcType=TIMESTAMP},
      </if>
      <if test="etime != null">
        etime = #{etime,jdbcType=TIMESTAMP},
      </if>
      <if test="syear != null">
        syear = #{syear,jdbcType=INTEGER},
      </if>
    </set>
    where sn = #{sn,jdbcType=INTEGER}
  </update>
  <update id="updateByPrimaryKey" parameterType="com.fszn.integrationframework.domain.Timecontrol">
    update timecontrol
    set bcode = #{bcode,jdbcType=VARCHAR},
      timeclass = #{timeclass,jdbcType=VARCHAR},
      btime = #{btime,jdbcType=TIMESTAMP},
      etime = #{etime,jdbcType=TIMESTAMP},
      syear = #{syear,jdbcType=INTEGER}
    where sn = #{sn,jdbcType=INTEGER}
  </update>
</mapper>