<?xml version="1.0" encoding="UTF-8"?>
<!DOCTYPE mapper PUBLIC "-//mybatis.org//DTD Mapper 3.0//EN" "http://mybatis.org/dtd/mybatis-3-mapper.dtd">
<mapper namespace="com.fszn.integrationframework.dao.XuejiMapper">
  <resultMap id="BaseResultMap" type="com.fszn.integrationframework.domain.Xueji">
    <id column="xsn" jdbcType="INTEGER" property="xsn" />
    <result column="sn" jdbcType="BIGINT" property="sn" />
    <result column="xarea" jdbcType="VARCHAR" property="xarea" />
    <result column="xschool" jdbcType="VARCHAR" property="xschool" />
    <result column="gradeclass" jdbcType="VARCHAR" property="gradeclass" />
    <result column="xno" jdbcType="VARCHAR" property="xno" />
    <result column="xjhr_phone" jdbcType="VARCHAR" property="xjhrPhone" />
  </resultMap>
  <sql id="Example_Where_Clause">
    <where>
      <foreach collection="oredCriteria" item="criteria" separator="or">
        <if test="criteria.valid">
          <trim prefix="(" prefixOverrides="and" suffix=")">
            <foreach collection="criteria.criteria" item="criterion">
              <choose>
                <when test="criterion.noValue">
                  and ${criterion.condition}
                </when>
                <when test="criterion.singleValue">
                  and ${criterion.condition} #{criterion.value}
                </when>
                <when test="criterion.betweenValue">
                  and ${criterion.condition} #{criterion.value} and #{criterion.secondValue}
                </when>
                <when test="criterion.listValue">
                  and ${criterion.condition}
                  <foreach close=")" collection="criterion.value" item="listItem" open="(" separator=",">
                    #{listItem}
                  </foreach>
                </when>
              </choose>
            </foreach>
          </trim>
        </if>
      </foreach>
    </where>
  </sql>
  <sql id="Update_By_Example_Where_Clause">
    <where>
      <foreach collection="example.oredCriteria" item="criteria" separator="or">
        <if test="criteria.valid">
          <trim prefix="(" prefixOverrides="and" suffix=")">
            <foreach collection="criteria.criteria" item="criterion">
              <choose>
                <when test="criterion.noValue">
                  and ${criterion.condition}
                </when>
                <when test="criterion.singleValue">
                  and ${criterion.condition} #{criterion.value}
                </when>
                <when test="criterion.betweenValue">
                  and ${criterion.condition} #{criterion.value} and #{criterion.secondValue}
                </when>
                <when test="criterion.listValue">
                  and ${criterion.condition}
                  <foreach close=")" collection="criterion.value" item="listItem" open="(" separator=",">
                    #{listItem}
                  </foreach>
                </when>
              </choose>
            </foreach>
          </trim>
        </if>
      </foreach>
    </where>
  </sql>
  <sql id="Base_Column_List">
    xsn, sn, xarea, xschool, gradeclass, xno, xjhr_phone
  </sql>
  <select id="selectByExample" parameterType="com.fszn.integrationframework.domain.XuejiExample" resultMap="BaseResultMap">
    select
    <if test="distinct">
      distinct
    </if>
    <include refid="Base_Column_List" />
    from xueji
    <if test="_parameter != null">
      <include refid="Example_Where_Clause" />
    </if>
    <if test="orderByClause != null">
      order by ${orderByClause}
    </if>
  </select>
  <select id="selectByPrimaryKey" parameterType="java.lang.Integer" resultMap="BaseResultMap">
    select 
    <include refid="Base_Column_List" />
    from xueji
    where xsn = #{xsn,jdbcType=INTEGER}
  </select>
  <delete id="deleteByPrimaryKey" parameterType="java.lang.Integer">
    delete from xueji
    where xsn = #{xsn,jdbcType=INTEGER}
  </delete>
  <delete id="deleteByExample" parameterType="com.fszn.integrationframework.domain.XuejiExample">
    delete from xueji
    <if test="_parameter != null">
      <include refid="Example_Where_Clause" />
    </if>
  </delete>
  <insert id="insert" parameterType="com.fszn.integrationframework.domain.Xueji">
    insert into xueji (xsn, sn, xarea, 
      xschool, gradeclass, xno, 
      xjhr_phone)
    values (#{xsn,jdbcType=INTEGER}, #{sn,jdbcType=BIGINT}, #{xarea,jdbcType=VARCHAR}, 
      #{xschool,jdbcType=VARCHAR}, #{gradeclass,jdbcType=VARCHAR}, #{xno,jdbcType=VARCHAR}, 
      #{xjhrPhone,jdbcType=VARCHAR})
  </insert>
  <insert id="insertSelective" parameterType="com.fszn.integrationframework.domain.Xueji">
    insert into xueji
    <trim prefix="(" suffix=")" suffixOverrides=",">
      <if test="xsn != null">
        xsn,
      </if>
      <if test="sn != null">
        sn,
      </if>
      <if test="xarea != null">
        xarea,
      </if>
      <if test="xschool != null">
        xschool,
      </if>
      <if test="gradeclass != null">
        gradeclass,
      </if>
      <if test="xno != null">
        xno,
      </if>
      <if test="xjhrPhone != null">
        xjhr_phone,
      </if>
    </trim>
    <trim prefix="values (" suffix=")" suffixOverrides=",">
      <if test="xsn != null">
        #{xsn,jdbcType=INTEGER},
      </if>
      <if test="sn != null">
        #{sn,jdbcType=BIGINT},
      </if>
      <if test="xarea != null">
        #{xarea,jdbcType=VARCHAR},
      </if>
      <if test="xschool != null">
        #{xschool,jdbcType=VARCHAR},
      </if>
      <if test="gradeclass != null">
        #{gradeclass,jdbcType=VARCHAR},
      </if>
      <if test="xno != null">
        #{xno,jdbcType=VARCHAR},
      </if>
      <if test="xjhrPhone != null">
        #{xjhrPhone,jdbcType=VARCHAR},
      </if>
    </trim>
  </insert>
  <select id="countByExample" parameterType="com.fszn.integrationframework.domain.XuejiExample" resultType="java.lang.Long">
    select count(*) from xueji
    <if test="_parameter != null">
      <include refid="Example_Where_Clause" />
    </if>
  </select>
  <update id="updateByExampleSelective" parameterType="map">
    update xueji
    <set>
      <if test="record.xsn != null">
        xsn = #{record.xsn,jdbcType=INTEGER},
      </if>
      <if test="record.sn != null">
        sn = #{record.sn,jdbcType=BIGINT},
      </if>
      <if test="record.xarea != null">
        xarea = #{record.xarea,jdbcType=VARCHAR},
      </if>
      <if test="record.xschool != null">
        xschool = #{record.xschool,jdbcType=VARCHAR},
      </if>
      <if test="record.gradeclass != null">
        gradeclass = #{record.gradeclass,jdbcType=VARCHAR},
      </if>
      <if test="record.xno != null">
        xno = #{record.xno,jdbcType=VARCHAR},
      </if>
      <if test="record.xjhrPhone != null">
        xjhr_phone = #{record.xjhrPhone,jdbcType=VARCHAR},
      </if>
    </set>
    <if test="_parameter != null">
      <include refid="Update_By_Example_Where_Clause" />
    </if>
  </update>
  <update id="updateByExample" parameterType="map">
    update xueji
    set xsn = #{record.xsn,jdbcType=INTEGER},
      sn = #{record.sn,jdbcType=BIGINT},
      xarea = #{record.xarea,jdbcType=VARCHAR},
      xschool = #{record.xschool,jdbcType=VARCHAR},
      gradeclass = #{record.gradeclass,jdbcType=VARCHAR},
      xno = #{record.xno,jdbcType=VARCHAR},
      xjhr_phone = #{record.xjhrPhone,jdbcType=VARCHAR}
    <if test="_parameter != null">
      <include refid="Update_By_Example_Where_Clause" />
    </if>
  </update>
  <update id="updateByPrimaryKeySelective" parameterType="com.fszn.integrationframework.domain.Xueji">
    update xueji
    <set>
      <if test="sn != null">
        sn = #{sn,jdbcType=BIGINT},
      </if>
      <if test="xarea != null">
        xarea = #{xarea,jdbcType=VARCHAR},
      </if>
      <if test="xschool != null">
        xschool = #{xschool,jdbcType=VARCHAR},
      </if>
      <if test="gradeclass != null">
        gradeclass = #{gradeclass,jdbcType=VARCHAR},
      </if>
      <if test="xno != null">
        xno = #{xno,jdbcType=VARCHAR},
      </if>
      <if test="xjhrPhone != null">
        xjhr_phone = #{xjhrPhone,jdbcType=VARCHAR},
      </if>
    </set>
    where xsn = #{xsn,jdbcType=INTEGER}
  </update>
  <update id="updateByPrimaryKey" parameterType="com.fszn.integrationframework.domain.Xueji">
    update xueji
    set sn = #{sn,jdbcType=BIGINT},
      xarea = #{xarea,jdbcType=VARCHAR},
      xschool = #{xschool,jdbcType=VARCHAR},
      gradeclass = #{gradeclass,jdbcType=VARCHAR},
      xno = #{xno,jdbcType=VARCHAR},
      xjhr_phone = #{xjhrPhone,jdbcType=VARCHAR}
    where xsn = #{xsn,jdbcType=INTEGER}
  </update>
</mapper>