<?xml version="1.0" encoding="UTF-8" ?>
<!DOCTYPE generatorConfiguration PUBLIC "-//mybatis.org//DTD MyBatis Generator Configuration 1.0//EN" "http://mybatis.org/dtd/mybatis-generator-config_1_0.dtd" >
<generatorConfiguration>
    <!-- 引入配置文件 -->
    <properties resource="db.properties"/>

    <!--
    jdbc.driver=com.mysql.jdbc.Driver
 jdbc.url=jdbc:mysql://192.168.1.188:3306/smarthse_platform?serverTimezone=Asia/Shanghai
 jdbc.username=ehs-root2
 jdbc.password=test1234567
     -->
    <!-- 一个数据库一个context -->
    <context id="DB2Tables" targetRuntime="MyBatis3">
        <plugin type="org.mybatis.generator.plugins.UnmergeableXmlMappersPlugin" />   <!--开启覆盖xml文件而不是merge-->
        <commentGenerator>
            <property name="suppressAllComments" value="true" />
        </commentGenerator>
        <!-- 配置数据库连接 -->
        <jdbcConnection driverClass="${jdbc.driver}"
                        connectionURL="${jdbc.url}" userId="${jdbc.username}"
                        password="${jdbc.password}">
        </jdbcConnection>

        <javaTypeResolver>
            <property name="forceBigDecimals" value="false" />
        </javaTypeResolver>

        <!-- 指定javaBean生成的位置 -->
        <javaModelGenerator targetPackage="com.fszn.integrationframework.domain"
                            targetProject=".\src\main\java">
            <property name="enableSubPackages" value="true" />
            <property name="trimStrings" value="true" />
        </javaModelGenerator>

        <!--指定sql映射文件生成的位置 -->
        <sqlMapGenerator targetPackage="mapper" targetProject=".\src\main\resources">
            <property name="enableSubPackages" value="true" />
        </sqlMapGenerator>

        <!-- 指定dao接口生成的位置，mapper接口 -->
        <javaClientGenerator type="XMLMAPPER"
                             targetPackage="com.fszn.integrationframework.dao" targetProject=".\src\main\java">
            <property name="enableSubPackages" value="true" />
        </javaClientGenerator>


        <!-- table指定每个表的生成策略 -->
        <table schema="root" tableName="area" domainObjectName="Area"></table>
        <table schema="root" tableName="enroll" domainObjectName="Enroll"></table>
        <table schema="root" tableName="enroll_type" domainObjectName="EnrollType"></table>
        <table schema="root" tableName="family" domainObjectName="Family"></table>
        <table schema="root" tableName="material" domainObjectName="Material"></table>
        <table schema="root" tableName="porperty" domainObjectName="Porperty"></table>
        <table schema="root" tableName="role" domainObjectName="Role"></table>
        <table schema="root" tableName="school" domainObjectName="School"></table>
        <table schema="root" tableName="school_district" domainObjectName="SchoolDistrict"></table>
        <table schema="root" tableName="student" domainObjectName="Student"></table>
        <table schema="root" tableName="user" domainObjectName="User"></table>
        <table schema="root" tableName="user_roll" domainObjectName="UserRoll"></table>
        <table schema="root" tableName="xueji" domainObjectName="Xueji"></table>
        <table schema="root" tableName="household" domainObjectName="Household"></table>
        <table schema="root" tableName="timecontrol" domainObjectName="Timecontrol"></table>





    </context>
</generatorConfiguration>